<?xml version="1.0" encoding="UTF-8"?>
<course identifier="g99d1334d8b28514742a8004bde8d8889" xmlns="http://canvas.instructure.com/xsd/cccv1p0" xmlns:xsi="http://www.w3.org/2001/XMLSchema-instance" xsi:schemaLocation="http://canvas.instructure.com/xsd/cccv1p0 https://canvas.instructure.com/xsd/cccv1p0.xsd">
  <title>Shelby Rivers Demo</title>
  <course_code>Shelby Rivers Demo</course_code>
  <start_at>2019-02-20T18:23:55</start_at>
  <conclude_at/>
  <tab_configuration>[{"id":0},{"id":3},{"id":8},{"id":5},{"id":6},{"id":10},{"id":"context_external_tool_g7d80da0100552bbe27a403d25f1e4dc8"},{"id":"context_external_tool_g2ab9453d97cf1a7b91768b9734f67ee1","hidden":true},{"id":"context_external_tool_g82701932cee82506738c972349dee594","hidden":true},{"id":"context_external_tool_g81d276aeb09450ab83d6f00fd4876e19","hidden":true},{"id":"context_external_tool_gd3cf58dbdd0e083eeb6271ea9e28e6e6","hidden":true},{"id":"context_external_tool_gfccaeb20e96ae03bdbaffd4b9efc2176","hidden":true},{"id":"context_external_tool_1881","hidden":true},{"id":"context_external_tool_g06373c7f88bce6656605cd28b65d36a4","hidden":true},{"id":"context_external_tool_gce4d0e149423b034d9faf3259bbe88b6","hidden":true},{"id":"context_external_tool_g8b25a106b0f3c9b38a69d23318eb4973","hidden":true},{"id":"context_external_tool_g1cbc1e34987fb0903b0e2848f6438044","hidden":true},{"id":"context_external_tool_g010c154652d7fd8fe48c410f4e27485a","hidden":true},{"id":"context_external_tool_g87f772c7a9b33d8662974261780c2a2c","hidden":true},{"id":"context_external_tool_gc4caa5d97d00980286d24f1f8548bea1","hidden":true},{"id":"context_external_tool_gb515f4419de035abdd754e18ddc64313","hidden":true},{"id":"context_external_tool_g5aeaeee94682df12d725b141f1cb7458","hidden":true},{"id":"context_external_tool_g79e94bc222e0b8de31e603a691667404","hidden":true},{"id":"context_external_tool_ga421dedfb443bad6a0bdb0fac0c5d676","hidden":true},{"id":"context_external_tool_g7ae534c6300301bedf4c611e1691d060","hidden":true},{"id":"context_external_tool_g4eb6ec7fcf1e77f6b321986e564e99d8","hidden":true},{"id":"context_external_tool_gd0fe7b03a449e8639922855dcbbac503","hidden":true},{"id":15,"hidden":true},{"id":1,"hidden":true},{"id":4,"hidden":true},{"id":14,"hidden":true},{"id":2,"hidden":true},{"id":11,"hidden":true},{"id":12,"hidden":true},{"id":17,"hidden":true},{"id":"context_external_tool_g6285952d522b03d3d50d5f6a6f04bac4","hidden":true},{"id":"context_external_tool_g56c734014af894add977fc485c5d250b","hidden":true},{"id":"context_external_tool_g87006afc8e9141d65b4f3c12d5264d4a","hidden":true}]</tab_configuration>
  <is_public>false</is_public>
  <is_public_to_auth_users>false</is_public_to_auth_users>
  <public_syllabus>false</public_syllabus>
  <public_syllabus_to_auth>false</public_syllabus_to_auth>
  <allow_student_wiki_edits>false</allow_student_wiki_edits>
  <lock_all_announcements>false</lock_all_announcements>
  <default_wiki_editing_roles>teachers</default_wiki_editing_roles>
  <allow_student_organized_groups>false</allow_student_organized_groups>
  <default_view>wiki</default_view>
  <open_enrollment>false</open_enrollment>
  <self_enrollment>false</self_enrollment>
  <license>private</license>
  <indexed>false</indexed>
  <hide_final_grade>false</hide_final_grade>
  <hide_distribution_graphs>false</hide_distribution_graphs>
  <allow_student_discussion_topics>false</allow_student_discussion_topics>
  <allow_student_discussion_editing>false</allow_student_discussion_editing>
  <show_announcements_on_home_page>false</show_announcements_on_home_page>
  <home_page_announcement_limit>3</home_page_announcement_limit>
  <usage_rights_required>false</usage_rights_required>
  <restrict_student_future_view>false</restrict_student_future_view>
  <restrict_student_past_view>true</restrict_student_past_view>
  <restrict_enrollments_to_course_dates>false</restrict_enrollments_to_course_dates>
  <grading_standard_enabled>false</grading_standard_enabled>
  <storage_quota>524288000</storage_quota>
  <overridden_course_visibility/>
  <root_account_uuid>YO0x3vIZnLWQHTAQGZhmk6oi2JtqCY6xmCyN7JS9</root_account_uuid>
  <default_post_policy>
    <post_manually>false</post_manually>
  </default_post_policy>
</course>
