<?xml version="1.0" encoding="UTF-8"?>
<modules xmlns="http://canvas.instructure.com/xsd/cccv1p0" xmlns:xsi="http://www.w3.org/2001/XMLSchema-instance" xsi:schemaLocation="http://canvas.instructure.com/xsd/cccv1p0 https://canvas.instructure.com/xsd/cccv1p0.xsd">
  <module identifier="gc258f08356f3b4471c8d4ab0d57ac0fa">
    <title>Home</title>
    <workflow_state>active</workflow_state>
    <position>1</position>
    <require_sequential_progress>false</require_sequential_progress>
    <locked>false</locked>
    <items>
    </items>
  </module>
  <module identifier="ge158b515d2833f70b29e4806d12d8bed">
    <title>Start Here</title>
    <workflow_state>active</workflow_state>
    <position>2</position>
    <require_sequential_progress>false</require_sequential_progress>
    <locked>false</locked>
    <items>
      <item identifier="g48958aa8e5354fc4faab0c20ef4bee7a">
        <content_type>WikiPage</content_type>
        <workflow_state>active</workflow_state>
        <title>Instructor Introduction</title>
        <identifierref>g99f304459134c9aaa08a5eb35fab82d0</identifierref>
        <position>1</position>
        <new_tab/>
        <indent>0</indent>
      </item>
      <item identifier="g0f94e9ba5f068b83e54bd2c71c2906e4">
        <content_type>DiscussionTopic</content_type>
        <workflow_state>active</workflow_state>
        <title>Introduce Yourself!</title>
        <identifierref>geafb8b8c2359a0b072386b53115d4d90</identifierref>
        <position>2</position>
        <new_tab/>
        <indent>0</indent>
      </item>
      <item identifier="ge200cfb110ea2c7c29032dc5a7ef9f3e">
        <content_type>WikiPage</content_type>
        <workflow_state>active</workflow_state>
        <title>Course Goals</title>
        <identifierref>ga28cf3d807cc875460aec893da1de72d</identifierref>
        <position>3</position>
        <new_tab/>
        <indent>0</indent>
      </item>
      <item identifier="g58b0abff96d06bc33482f1835cc5220a">
        <content_type>WikiPage</content_type>
        <workflow_state>active</workflow_state>
        <title>Policies</title>
        <identifierref>g2caf6a01e8f151dba510cbfd2decc1ee</identifierref>
        <position>4</position>
        <new_tab/>
        <indent>0</indent>
      </item>
    </items>
  </module>
  <module identifier="g852295ae1d3cad05c02af620a1a3103e">
    <title>Why do we do psychology and neuroscience research?</title>
    <workflow_state>active</workflow_state>
    <position>3</position>
    <require_sequential_progress>false</require_sequential_progress>
    <locked>false</locked>
    <items>
      <item identifier="geb277adbf52dd78a9685b93e1a5267ca">
        <content_type>WikiPage</content_type>
        <workflow_state>active</workflow_state>
        <title>Module 1 Overview</title>
        <identifierref>g72425e7a4d594361895ea0ca0073fed0</identifierref>
        <position>1</position>
        <new_tab/>
        <indent>0</indent>
      </item>
      <item identifier="g1752bc532cf364c0111860376d624f5d">
        <content_type>WikiPage</content_type>
        <workflow_state>active</workflow_state>
        <title>Reading: Monday Morning Quarterbacking</title>
        <identifierref>g2f8d09c25354e24684396142bf314160</identifierref>
        <position>2</position>
        <new_tab>false</new_tab>
        <indent>0</indent>
      </item>
      <item identifier="g3726cfa86cc8c0d9a21d6c5c619a9573">
        <content_type>WikiPage</content_type>
        <workflow_state>active</workflow_state>
        <title>Example: OCD</title>
        <identifierref>gb8a3fb9b29a03c964b2d741cc522ae52</identifierref>
        <position>3</position>
        <new_tab/>
        <indent>0</indent>
      </item>
      <item identifier="gb2b109a82805f0a97709cbe6b7c6de80">
        <content_type>Assignment</content_type>
        <workflow_state>active</workflow_state>
        <title>Video Quiz: OCD</title>
        <identifierref>ge35f144aede609b22b2ef9f0a6853c1c</identifierref>
        <position>4</position>
        <new_tab>false</new_tab>
        <indent>0</indent>
      </item>
      <item identifier="g3a3a68c4e2f04e5a4b81c6e1561f4202">
        <content_type>WikiPage</content_type>
        <workflow_state>active</workflow_state>
        <title>Reading: Goodwin &amp; Goodwin Chapter 1</title>
        <identifierref>gd802b363ef4c951b2b7dba81c9491fe0</identifierref>
        <position>5</position>
        <new_tab>false</new_tab>
        <indent>0</indent>
      </item>
      <item identifier="gd0282512431b977171a70e504ac9cd6e">
        <content_type>DiscussionTopic</content_type>
        <workflow_state>active</workflow_state>
        <title>Written Response &amp; Discussion: Favorite Research Study</title>
        <identifierref>g9d944be9e21799980320cd97f6976bf4</identifierref>
        <position>7</position>
        <new_tab>false</new_tab>
        <indent>0</indent>
      </item>
    </items>
  </module>
  <module identifier="g23ab3decabcc61537742196cb5899e27">
    <title>How do we begin to explore the literature?</title>
    <workflow_state>active</workflow_state>
    <position>4</position>
    <require_sequential_progress>false</require_sequential_progress>
    <locked>false</locked>
    <prerequisites>
      <prerequisite type="context_module">
        <title>Why do we do psychology and neuroscience research?</title>
        <identifierref>g852295ae1d3cad05c02af620a1a3103e</identifierref>
      </prerequisite>
    </prerequisites>
    <items>
      <item identifier="g6efc267e411ee4855b39e0582c00dbc4">
        <content_type>WikiPage</content_type>
        <workflow_state>active</workflow_state>
        <title>Module 4 Overview</title>
        <identifierref>g01f6362f01a0cb4b4e917d7a69a46520</identifierref>
        <position>1</position>
        <new_tab>false</new_tab>
        <indent>0</indent>
      </item>
      <item identifier="g5658e57edc3bd5c6dbaf490cdf8cbb4d">
        <content_type>WikiPage</content_type>
        <workflow_state>active</workflow_state>
        <title>Tutorial: PsycInfo</title>
        <identifierref>g83a32c3a45b9b4de046f0de2fc0d4927</identifierref>
        <position>2</position>
        <new_tab/>
        <indent>0</indent>
      </item>
      <item identifier="g4724fad0c7090078e549b275f1f663fb">
        <content_type>WikiPage</content_type>
        <workflow_state>active</workflow_state>
        <title>Reading: The Art of Scan-Reading</title>
        <identifierref>ge98dc07cc6621030fbc05e0776803188</identifierref>
        <position>3</position>
        <new_tab/>
        <indent>0</indent>
      </item>
      <item identifier="gbdaf05a3c77e643821de189b345c836b">
        <content_type>WikiPage</content_type>
        <workflow_state>active</workflow_state>
        <title>Scan-Reading Exercise</title>
        <identifierref>g13bdc3774c945274cfc985ed62e7b2a0</identifierref>
        <position>4</position>
        <new_tab/>
        <indent>0</indent>
      </item>
      <item identifier="g632177e6c449c35f8c2c795f8da7c074">
        <content_type>WikiPage</content_type>
        <workflow_state>active</workflow_state>
        <title>Reading: APA Manual Chapter 7</title>
        <identifierref>gad256dbcc1d0fb99ff016cf55b5ee18f</identifierref>
        <position>5</position>
        <new_tab/>
        <indent>0</indent>
      </item>
      <item identifier="g874bfca21315ded64f37dfa9c1ca2269">
        <content_type>DiscussionTopic</content_type>
        <workflow_state>active</workflow_state>
        <title>Written Response &amp; Discussion: Keyword List</title>
        <identifierref>g98d7ad7afd9a2232ad11180253c143cc</identifierref>
        <position>6</position>
        <new_tab/>
        <indent>0</indent>
      </item>
    </items>
  </module>
  <module identifier="g677e92da3e5e29c65739a6078a242723">
    <title>Wrap-up</title>
    <workflow_state>active</workflow_state>
    <position>5</position>
    <require_sequential_progress>false</require_sequential_progress>
    <locked>false</locked>
    <items>
      <item identifier="g8c4a0aef329b747c2167538d59421878">
        <content_type>Assignment</content_type>
        <workflow_state>active</workflow_state>
        <title>Final Project: IRB Proposal</title>
        <identifierref>gc79a0d9b7b30420c3ec22823d5a329b7</identifierref>
        <position>1</position>
        <new_tab/>
        <indent>0</indent>
      </item>
    </items>
  </module>
</modules>
