<?xml version="1.0" encoding="UTF-8"?>
<manifest identifier="g863e7d8d6b086892d5ef10ed0381dc6b" xmlns="http://www.imsglobal.org/xsd/imsccv1p1/imscp_v1p1" xmlns:lom="http://ltsc.ieee.org/xsd/imsccv1p1/LOM/resource" xmlns:lomimscc="http://ltsc.ieee.org/xsd/imsccv1p1/LOM/manifest" xmlns:xsi="http://www.w3.org/2001/XMLSchema-instance" xsi:schemaLocation="http://www.imsglobal.org/xsd/imsccv1p1/imscp_v1p1 http://www.imsglobal.org/profile/cc/ccv1p1/ccv1p1_imscp_v1p2_v1p0.xsd http://ltsc.ieee.org/xsd/imsccv1p1/LOM/resource http://www.imsglobal.org/profile/cc/ccv1p1/LOM/ccv1p1_lomresource_v1p0.xsd http://ltsc.ieee.org/xsd/imsccv1p1/LOM/manifest http://www.imsglobal.org/profile/cc/ccv1p1/LOM/ccv1p1_lommanifest_v1p0.xsd">
  <metadata>
    <schema>IMS Common Cartridge</schema>
    <schemaversion>1.1.0</schemaversion>
    <lomimscc:lom>
      <lomimscc:general>
        <lomimscc:title>
          <lomimscc:string>Shelby Rivers Demo</lomimscc:string>
        </lomimscc:title>
      </lomimscc:general>
      <lomimscc:lifeCycle>
        <lomimscc:contribute>
          <lomimscc:date>
            <lomimscc:dateTime>2020-05-11</lomimscc:dateTime>
          </lomimscc:date>
        </lomimscc:contribute>
      </lomimscc:lifeCycle>
      <lomimscc:rights>
        <lomimscc:copyrightAndOtherRestrictions>
          <lomimscc:value>yes</lomimscc:value>
        </lomimscc:copyrightAndOtherRestrictions>
        <lomimscc:description>
          <lomimscc:string>Private (Copyrighted) - http://en.wikipedia.org/wiki/Copyright</lomimscc:string>
        </lomimscc:description>
      </lomimscc:rights>
    </lomimscc:lom>
  </metadata>
  <organizations>
    <organization identifier="org_1" structure="rooted-hierarchy">
      <item identifier="LearningModules">
        <item identifier="gc258f08356f3b4471c8d4ab0d57ac0fa">
          <title>Home</title>
        </item>
        <item identifier="ge158b515d2833f70b29e4806d12d8bed">
          <title>Start Here</title>
          <item identifier="g48958aa8e5354fc4faab0c20ef4bee7a" identifierref="g99f304459134c9aaa08a5eb35fab82d0">
            <title>Instructor Introduction</title>
          </item>
          <item identifier="g0f94e9ba5f068b83e54bd2c71c2906e4" identifierref="geafb8b8c2359a0b072386b53115d4d90">
            <title>Introduce Yourself!</title>
          </item>
          <item identifier="ge200cfb110ea2c7c29032dc5a7ef9f3e" identifierref="ga28cf3d807cc875460aec893da1de72d">
            <title>Course Goals</title>
          </item>
          <item identifier="g58b0abff96d06bc33482f1835cc5220a" identifierref="g2caf6a01e8f151dba510cbfd2decc1ee">
            <title>Policies</title>
          </item>
        </item>
        <item identifier="g852295ae1d3cad05c02af620a1a3103e">
          <title>Why do we do psychology and neuroscience research?</title>
          <item identifier="geb277adbf52dd78a9685b93e1a5267ca" identifierref="g72425e7a4d594361895ea0ca0073fed0">
            <title>Module 1 Overview</title>
          </item>
          <item identifier="g1752bc532cf364c0111860376d624f5d" identifierref="g2f8d09c25354e24684396142bf314160">
            <title>Reading: Monday Morning Quarterbacking</title>
          </item>
          <item identifier="g3726cfa86cc8c0d9a21d6c5c619a9573" identifierref="gb8a3fb9b29a03c964b2d741cc522ae52">
            <title>Example: OCD</title>
          </item>
          <item identifier="gb2b109a82805f0a97709cbe6b7c6de80" identifierref="ge35f144aede609b22b2ef9f0a6853c1c">
            <title>Video Quiz: OCD</title>
          </item>
          <item identifier="g3a3a68c4e2f04e5a4b81c6e1561f4202" identifierref="gd802b363ef4c951b2b7dba81c9491fe0">
            <title>Reading: Goodwin &amp; Goodwin Chapter 1</title>
          </item>
          <item identifier="gd0282512431b977171a70e504ac9cd6e" identifierref="g9d944be9e21799980320cd97f6976bf4">
            <title>Written Response &amp; Discussion: Favorite Research Study</title>
          </item>
        </item>
        <item identifier="g23ab3decabcc61537742196cb5899e27">
          <title>How do we begin to explore the literature?</title>
          <item identifier="g6efc267e411ee4855b39e0582c00dbc4" identifierref="g01f6362f01a0cb4b4e917d7a69a46520">
            <title>Module 4 Overview</title>
          </item>
          <item identifier="g5658e57edc3bd5c6dbaf490cdf8cbb4d" identifierref="g83a32c3a45b9b4de046f0de2fc0d4927">
            <title>Tutorial: PsycInfo</title>
          </item>
          <item identifier="g4724fad0c7090078e549b275f1f663fb" identifierref="ge98dc07cc6621030fbc05e0776803188">
            <title>Reading: The Art of Scan-Reading</title>
          </item>
          <item identifier="gbdaf05a3c77e643821de189b345c836b" identifierref="g13bdc3774c945274cfc985ed62e7b2a0">
            <title>Scan-Reading Exercise</title>
          </item>
          <item identifier="g632177e6c449c35f8c2c795f8da7c074" identifierref="gad256dbcc1d0fb99ff016cf55b5ee18f">
            <title>Reading: APA Manual Chapter 7</title>
          </item>
          <item identifier="g874bfca21315ded64f37dfa9c1ca2269" identifierref="g98d7ad7afd9a2232ad11180253c143cc">
            <title>Written Response &amp; Discussion: Keyword List</title>
          </item>
        </item>
        <item identifier="g677e92da3e5e29c65739a6078a242723">
          <title>Wrap-up</title>
          <item identifier="g8c4a0aef329b747c2167538d59421878" identifierref="gc79a0d9b7b30420c3ec22823d5a329b7">
            <title>Final Project: IRB Proposal</title>
          </item>
        </item>
      </item>
    </organization>
  </organizations>
  <resources>
    <resource identifier="g99d1334d8b28514742a8004bde8d8889" type="associatedcontent/imscc_xmlv1p1/learning-application-resource" href="course_settings/canvas_export.txt">
      <file href="course_settings/course_settings.xml"/>
      <file href="course_settings/module_meta.xml"/>
      <file href="course_settings/assignment_groups.xml"/>
      <file href="course_settings/rubrics.xml"/>
      <file href="course_settings/files_meta.xml"/>
      <file href="course_settings/media_tracks.xml"/>
      <file href="course_settings/canvas_export.txt"/>
    </resource>
    <resource identifier="g1ea9a5c6e090a4acdd77639239102fae" type="webcontent" href="wiki_content/home.html">
      <file href="wiki_content/home.html"/>
    </resource>
    <resource identifier="g2f8d09c25354e24684396142bf314160" type="webcontent" href="wiki_content/reading-monday-morning-quarterbacking.html">
      <file href="wiki_content/reading-monday-morning-quarterbacking.html"/>
    </resource>
    <resource identifier="gd802b363ef4c951b2b7dba81c9491fe0" type="webcontent" href="wiki_content/reading-goodwin-and-goodwin-chapter-1.html">
      <file href="wiki_content/reading-goodwin-and-goodwin-chapter-1.html"/>
    </resource>
    <resource identifier="ga28cf3d807cc875460aec893da1de72d" type="webcontent" href="wiki_content/course-goals.html">
      <file href="wiki_content/course-goals.html"/>
    </resource>
    <resource identifier="gb8a3fb9b29a03c964b2d741cc522ae52" type="webcontent" href="wiki_content/example-ocd.html">
      <file href="wiki_content/example-ocd.html"/>
    </resource>
    <resource identifier="g72425e7a4d594361895ea0ca0073fed0" type="webcontent" href="wiki_content/module-1-overview.html">
      <file href="wiki_content/module-1-overview.html"/>
    </resource>
    <resource identifier="g2caf6a01e8f151dba510cbfd2decc1ee" type="webcontent" href="wiki_content/policies.html">
      <file href="wiki_content/policies.html"/>
    </resource>
    <resource identifier="g83a32c3a45b9b4de046f0de2fc0d4927" type="webcontent" href="wiki_content/tutorial-psycinfo.html">
      <file href="wiki_content/tutorial-psycinfo.html"/>
    </resource>
    <resource identifier="g01f6362f01a0cb4b4e917d7a69a46520" type="webcontent" href="wiki_content/module-4-overview.html">
      <file href="wiki_content/module-4-overview.html"/>
    </resource>
    <resource identifier="gad256dbcc1d0fb99ff016cf55b5ee18f" type="webcontent" href="wiki_content/reading-apa-manual-chapter-7.html">
      <file href="wiki_content/reading-apa-manual-chapter-7.html"/>
    </resource>
    <resource identifier="ge98dc07cc6621030fbc05e0776803188" type="webcontent" href="wiki_content/reading-the-art-of-scan-reading.html">
      <file href="wiki_content/reading-the-art-of-scan-reading.html"/>
    </resource>
    <resource identifier="g13bdc3774c945274cfc985ed62e7b2a0" type="webcontent" href="wiki_content/scan-reading-exercise.html">
      <file href="wiki_content/scan-reading-exercise.html"/>
    </resource>
    <resource identifier="gb6274939cc92e84a48db72b1b2f6fd5f" type="webcontent" href="wiki_content/what-to-expect-from-the-course.html">
      <file href="wiki_content/what-to-expect-from-the-course.html"/>
    </resource>
    <resource identifier="g99f304459134c9aaa08a5eb35fab82d0" type="webcontent" href="wiki_content/instructor-introduction.html">
      <file href="wiki_content/instructor-introduction.html"/>
    </resource>
    <resource identifier="gc79a0d9b7b30420c3ec22823d5a329b7" type="associatedcontent/imscc_xmlv1p1/learning-application-resource" href="gc79a0d9b7b30420c3ec22823d5a329b7/final-project-irb-proposal.html">
      <file href="gc79a0d9b7b30420c3ec22823d5a329b7/final-project-irb-proposal.html"/>
      <file href="gc79a0d9b7b30420c3ec22823d5a329b7/assignment_settings.xml"/>
    </resource>
    <resource identifier="ge35f144aede609b22b2ef9f0a6853c1c" type="associatedcontent/imscc_xmlv1p1/learning-application-resource" href="ge35f144aede609b22b2ef9f0a6853c1c/video-quiz-ocd.html">
      <file href="ge35f144aede609b22b2ef9f0a6853c1c/video-quiz-ocd.html"/>
      <file href="ge35f144aede609b22b2ef9f0a6853c1c/assignment_settings.xml"/>
    </resource>
    <resource identifier="g98d7ad7afd9a2232ad11180253c143cc" type="imsdt_xmlv1p1">
      <file href="g98d7ad7afd9a2232ad11180253c143cc.xml"/>
      <dependency identifierref="g922f8419726b6f341f5fbf39d0160d82"/>
    </resource>
    <resource identifier="g922f8419726b6f341f5fbf39d0160d82" type="associatedcontent/imscc_xmlv1p1/learning-application-resource" href="g922f8419726b6f341f5fbf39d0160d82.xml">
      <file href="g922f8419726b6f341f5fbf39d0160d82.xml"/>
    </resource>
    <resource identifier="geafb8b8c2359a0b072386b53115d4d90" type="imsdt_xmlv1p1">
      <file href="geafb8b8c2359a0b072386b53115d4d90.xml"/>
      <dependency identifierref="g974c7b21a583dbe68e91917049b3b897"/>
    </resource>
    <resource identifier="g974c7b21a583dbe68e91917049b3b897" type="associatedcontent/imscc_xmlv1p1/learning-application-resource" href="g974c7b21a583dbe68e91917049b3b897.xml">
      <file href="g974c7b21a583dbe68e91917049b3b897.xml"/>
    </resource>
    <resource identifier="g9d944be9e21799980320cd97f6976bf4" type="imsdt_xmlv1p1">
      <file href="g9d944be9e21799980320cd97f6976bf4.xml"/>
      <dependency identifierref="g5ff66cf2e8aa6adf8d68e7d746bac9e2"/>
    </resource>
    <resource identifier="g5ff66cf2e8aa6adf8d68e7d746bac9e2" type="associatedcontent/imscc_xmlv1p1/learning-application-resource" href="g5ff66cf2e8aa6adf8d68e7d746bac9e2.xml">
      <file href="g5ff66cf2e8aa6adf8d68e7d746bac9e2.xml"/>
    </resource>
    <resource type="webcontent" identifier="g9d861af389a16b80174596eb877dfc76" href="web_resources/research.jpg">
      <file href="web_resources/research.jpg"/>
    </resource>
    <resource type="webcontent" identifier="gbb263f82e5c74f0600fb73d0fc7a5633" href="web_resources/courseplan.jpg">
      <file href="web_resources/courseplan.jpg"/>
    </resource>
    <resource type="webcontent" identifier="gaadfb3a5fb19f8ab57ba7f5eb663c0f0" href="web_resources/getstarted.jpg">
      <file href="web_resources/getstarted.jpg"/>
    </resource>
    <resource type="webcontent" identifier="gd619cc03ad698e454e136261034c3eea" href="web_resources/Mod1.jpg">
      <file href="web_resources/Mod1.jpg"/>
    </resource>
    <resource type="webcontent" identifier="gcf049302a98a1e8df6c574414736f449" href="web_resources/Mod1-1.jpg">
      <file href="web_resources/Mod1-1.jpg"/>
    </resource>
    <resource type="webcontent" identifier="g33aa5c2350383c6f7ab951b27990f8c5" href="web_resources/Course Plan 2.20.pdf">
      <file href="web_resources/Course Plan 2.20.pdf"/>
    </resource>
    <resource type="webcontent" identifier="gd313d35507aa61547c4196469bd05d54" href="web_resources/Course Plan.jpg">
      <file href="web_resources/Course Plan.jpg"/>
    </resource>
    <resource type="webcontent" identifier="g5d55fc2f3f7815ab02c38598bc362dcb" href="web_resources/mod4.jpg">
      <file href="web_resources/mod4.jpg"/>
    </resource>
  </resources>
</manifest>
