<?xml version="1.0" encoding="UTF-8"?>
<assignment identifier="gc79a0d9b7b30420c3ec22823d5a329b7" xmlns="http://canvas.instructure.com/xsd/cccv1p0" xmlns:xsi="http://www.w3.org/2001/XMLSchema-instance" xsi:schemaLocation="http://canvas.instructure.com/xsd/cccv1p0 https://canvas.instructure.com/xsd/cccv1p0.xsd">
  <title>Final Project: IRB Proposal</title>
  <due_at/>
  <lock_at/>
  <unlock_at/>
  <module_locked>false</module_locked>
  <assignment_group_identifierref>g69bba20f5c0d7d9aaeef21127e23016b</assignment_group_identifierref>
  <workflow_state>published</workflow_state>
  <rubric_identifierref>gcb6c0968f9549329b8604f84a51db30e</rubric_identifierref>
  <rubric_use_for_grading>true</rubric_use_for_grading>
  <rubric_hide_points>false</rubric_hide_points>
  <rubric_hide_outcome_results>false</rubric_hide_outcome_results>
  <rubric_hide_score_total>false</rubric_hide_score_total>
  <assignment_overrides>
  </assignment_overrides>
  <allowed_extensions></allowed_extensions>
  <has_group_category>false</has_group_category>
  <points_possible>100.0</points_possible>
  <grading_type>points</grading_type>
  <all_day>false</all_day>
  <submission_types>online_upload</submission_types>
  <position>6</position>
  <turnitin_enabled>false</turnitin_enabled>
  <vericite_enabled>false</vericite_enabled>
  <peer_review_count>0</peer_review_count>
  <peer_reviews>false</peer_reviews>
  <automatic_peer_reviews>false</automatic_peer_reviews>
  <anonymous_peer_reviews>false</anonymous_peer_reviews>
  <grade_group_students_individually>false</grade_group_students_individually>
  <freeze_on_copy>false</freeze_on_copy>
  <omit_from_final_grade>false</omit_from_final_grade>
  <intra_group_peer_reviews>false</intra_group_peer_reviews>
  <only_visible_to_overrides>false</only_visible_to_overrides>
  <post_to_sis>false</post_to_sis>
  <moderated_grading>false</moderated_grading>
  <grader_count>0</grader_count>
  <grader_comments_visible_to_graders>true</grader_comments_visible_to_graders>
  <anonymous_grading>false</anonymous_grading>
  <graders_anonymous_to_graders>false</graders_anonymous_to_graders>
  <grader_names_visible_to_final_grader>true</grader_names_visible_to_final_grader>
  <anonymous_instructor_annotations>false</anonymous_instructor_annotations>
  <allowed_attempts>-1</allowed_attempts>
  <similarity_detection_tool resource_type_code="tiiasmtset" vendor_code="turnitin.com" product_code="turnitin-lti" visibility="after_grading"/>
  <tool_setting>
    <tool_proxy product_code="turnitin-lti" vendor_code="turnitin.com" tool_proxy_guid="fe7b115c-b076-46a9-b61c-3e9b14aa5d5a"/>
    <custom>
      <property name="resource_link_id_history">7517e7ff-8b28-4c0e-982c-9c31f61861c0</property>
    </custom>
  </tool_setting>
  <post_policy>
    <post_manually>false</post_manually>
  </post_policy>
</assignment>
