<?xml version="1.0" encoding="UTF-8"?>
<assignment identifier="ge35f144aede609b22b2ef9f0a6853c1c" xmlns="http://canvas.instructure.com/xsd/cccv1p0" xmlns:xsi="http://www.w3.org/2001/XMLSchema-instance" xsi:schemaLocation="http://canvas.instructure.com/xsd/cccv1p0 https://canvas.instructure.com/xsd/cccv1p0.xsd">
  <title>Video Quiz: OCD</title>
  <due_at/>
  <lock_at/>
  <unlock_at/>
  <module_locked>false</module_locked>
  <assignment_group_identifierref>g69bba20f5c0d7d9aaeef21127e23016b</assignment_group_identifierref>
  <workflow_state>published</workflow_state>
  <assignment_overrides>
  </assignment_overrides>
  <allowed_extensions></allowed_extensions>
  <has_group_category>false</has_group_category>
  <points_possible>3.0</points_possible>
  <grading_type>points</grading_type>
  <all_day>false</all_day>
  <submission_types>external_tool</submission_types>
  <position>3</position>
  <turnitin_enabled>false</turnitin_enabled>
  <vericite_enabled>false</vericite_enabled>
  <peer_review_count>0</peer_review_count>
  <peer_reviews>false</peer_reviews>
  <automatic_peer_reviews>false</automatic_peer_reviews>
  <anonymous_peer_reviews>false</anonymous_peer_reviews>
  <grade_group_students_individually>false</grade_group_students_individually>
  <freeze_on_copy>false</freeze_on_copy>
  <omit_from_final_grade>false</omit_from_final_grade>
  <intra_group_peer_reviews>false</intra_group_peer_reviews>
  <only_visible_to_overrides>false</only_visible_to_overrides>
  <post_to_sis>false</post_to_sis>
  <moderated_grading>false</moderated_grading>
  <grader_count>0</grader_count>
  <grader_comments_visible_to_graders>true</grader_comments_visible_to_graders>
  <anonymous_grading>false</anonymous_grading>
  <graders_anonymous_to_graders>false</graders_anonymous_to_graders>
  <grader_names_visible_to_final_grader>true</grader_names_visible_to_final_grader>
  <anonymous_instructor_annotations>false</anonymous_instructor_annotations>
  <allowed_attempts>-1</allowed_attempts>
  <external_tool_external_identifier>2059</external_tool_external_identifier>
  <external_tool_url>https://1900341.kaf.kaltura.com/browseandembed/index/media/entryid/0_xgtndufp/showDescription/false/showTitle/false/showTags/false/showDuration/false/showOwner/false/showUploadDate/false/playerSize/608x432/playerSkin/34150771/</external_tool_url>
  <external_tool_new_tab>false</external_tool_new_tab>
  <post_policy>
    <post_manually>false</post_manually>
  </post_policy>
</assignment>
